{
    "x": 462749.88575483958,
    "y": -1018.0680396646784,
    "z": -382064.61373176606,
    "$type": "kOS.Suffixed.Vector"
}