{
    "x": 0.9663054043502779,
    "y": -0.0016965114752554686,
    "z": -0.25739267155896334,
    "$type": "kOS.Suffixed.Vector"
}