{
    "x": 462749.88590587646,
    "y": -1018.0680454298921,
    "z": -382064.61365495616,
    "$type": "kOS.Suffixed.Vector"
}