{
    "x": -0.69070225954055786,
    "y": -0.0017034506890922785,
    "z": -0.72313743829727173,
    "$type": "kOS.Suffixed.Vector"
}