{
    "x": 462749.886895268,
    "y": -1018.0680550122921,
    "z": -382064.61310245708,
    "$type": "kOS.Suffixed.Vector"
}