{
    "x": 462749.884829712,
    "y": -1018.068021389816,
    "z": -382064.61299174745,
    "$type": "kOS.Suffixed.Vector"
}